iata,flight_traffic
AAE,18
AAL,41
AAN,4
AAQ,6
AAR,16
AAT,4
AAX,2
AAY,3
ABA,8
ABD,12
ABE,26
ABI,4
ABJ,101
ABL,8
ABM,2
ABQ,83
ABR,2
ABS,2
ABT,6
ABV,56
ABX,8
ABY,8
ABZ,82
ACA,17
ACC,107
ACE,233
ACH,4
ACI,4
ACK,12
ACR,4
ACT,4
ACU,2
ACV,6
ACX,12
ACY,20
ACZ,2
ADA,34
ADB,133
ADD,214
ADE,44
ADF,4
ADK,2
ADL,102
ADQ,17
ADU,6
ADZ,22
AEB,6
AEP,128
AER,52
AES,26
AET,5
AEX,12
AEY,2
AFA,4
AFL,2
AFZ,2
AGA,56
AGB,2
AGF,4
AGH,6
AGM,2
AGN,2
AGP,410
AGR,4
AGS,14
AGT,8
AGU,18
AGX,2
AHB,29
AHE,5
AHN,2
AHO,62
AHU,2
AIA,6
AIN,4
AIT,5
AIU,3
AJA,78
AJF,4
AJI,4
AJL,12
AJR,4
AJU,26
AKB,2
AKF,6
AKI,6
AKJ,14
AKK,2
AKL,213
AKN,14
AKP,7
AKU,11
AKV,4
AKX,14
AKY,6
ALA,134
ALB,60
ALC,314
ALF,20
ALG,170
ALH,6
ALO,4
ALS,12
ALW,2
AMA,19
AMD,64
AMH,3
AMM,219
AMQ,28
AMS,903
ANC,118
ANF,22
ANG,2
ANI,25
ANM,6
ANR,4
ANS,2
ANU,69
ANV,6
ANX,7
AOE,2
AOG,6
AOI,20
AOJ,10
AOK,13
AOO,4
AOR,10
AOS,2
APF,2
APL,18
APN,4
APO,8
APW,11
AQA,2
AQG,14
AQI,4
AQJ,4
AQP,20
ARC,2
ARH,18
ARI,9
ARK,2
ARM,4
ARN,438
ART,8
ARU,4
ARW,2
ASB,30
ASE,4
ASF,16
ASJ,4
ASM,15
ASO,3
ASP,24
ASR,15
ASU,36
ASV,3
ASW,8
ATA,2
ATC,4
ATD,2
ATH,403
ATK,4
ATL,1826
ATM,7
ATQ,18
ATT,4
ATW,18
ATY,6
ATZ,12
AUA,90
AUC,4
AUG,2
AUH,473
AUK,4
AUQ,8
AUR,2
AUS,167
AUU,4
AUX,8
AUY,2
AVA,8
AVL,24
AVN,4
AVP,19
AVV,2
AWD,4
AWZ,48
AXA,12
AXD,6
AXK,2
AXM,4
AXP,4
AXR,2
AXT,16
AXU,4
AYP,4
AYQ,8
AYT,253
AZA,64
AZD,14
AZI,8
AZN,6
AZO,12
AZR,11
AZS,12
BAH,170
BAL,6
BAQ,20
BAV,58
BAX,6
BAY,4
BAZ,2
BBA,8
BBI,15
BBK,8
BBN,4
BBO,15
BCD,12
BCI,2
BCN,783
BCV,8
BDA,30
BDB,4
BDH,4
BDJ,29
BDL,103
BDO,42
BDP,2
BDQ,10
BDS,44
BDU,2
BEB,4
BEG,169
BEJ,6
BEL,68
BEN,50
BES,34
BET,57
BEU,4
BEW,14
BEY,133
BFD,4
BFF,2
BFI,4
BFJ,16
BFL,12
BFN,8
BFQ,2
BFS,70
BFV,2
BGA,10
BGF,6
BGG,4
BGI,46
BGM,8
BGO,137
BGR,16
BGW,28
BGY,162
BHB,2
BHD,42
BHE,6
BHH,6
BHI,8
BHJ,4
BHK,13
BHM,71
BHO,14
BHQ,8
BHR,2
BHS,4
BHU,4
BHV,11
BHX,264
BHY,40
BIA,72
BIK,8
BIL,24
BIM,4
BIO,128
BIQ,28
BIR,2
BIS,12
BJA,12
BJB,2
BJF,8
BJI,2
BJL,26
BJM,27
BJR,3
BJV,63
BJX,29
BJZ,4
BKC,8
BKG,8
BKI,104
BKK,654
BKM,2
BKO,55
BKQ,3
BKS,10
BKW,3
BKY,4
BKZ,2
BLA,22
BLD,2
BLE,4
BLI,20
BLJ,8
BLK,18
BLL,94
BLQ,176
BLR,185
BLV,2
BLZ,10
BMA,54
BME,24
BMI,24
BMU,6
BMV,14
BMW,2
BMY,3
BNA,164
BNB,2
BNC,4
BND,38
BNE,294
BNI,4
BNK,10
BNN,10
BNS,4
BNX,6
BNY,4
BOB,12
BOC,5
BOD,134
BOG,307
BOH,38
BOI,41
BOJ,24
BOM,442
BON,18
BOO,35
BOS,422
BOY,4
BPL,2
BPN,72
BPS,21
BPT,4
BPX,6
BQB,6
BQK,6
BQL,4
BQN,8
BQS,10
BRA,12
BRC,14
BRD,4
BRE,100
BRI,100
BRL,4
BRM,10
BRN,24
BRO,6
BRQ,2
BRR,2
BRS,200
BRU,630
BRW,13
BSA,8
BSB,197
BSC,2
BSD,4
BSG,4
BSK,8
BSL,189
BSO,4
BSR,16
BTH,54
BTI,4
BTJ,10
BTK,8
BTM,2
BTR,16
BTS,40
BTT,9
BTU,14
BTV,27
BUA,8
BUC,4
BUD,195
BUF,71
BUN,4
BUQ,8
BUR,36
BUS,12
BUW,2
BUX,4
BUZ,10
BVA,120
BVB,6
BVC,28
BVE,11
BVG,8
BVH,2
BVI,4
BVS,1
BVV,2
BWA,2
BWI,286
BWK,2
BWN,46
BWT,6
BXB,2
BXR,2
BXU,8
BYC,8
BYN,4
BYO,2
BZE,54
BZG,6
BZL,2
BZN,16
BZO,4
BZR,18
BZV,49
CAB,5
CAC,6
CAE,34
CAG,86
CAH,2
CAI,303
CAJ,2
CAK,43
CAL,2
CAN,672
CAP,6
CAW,7
CAY,14
CBB,17
CBH,2
CBO,6
CBQ,4
CBR,26
CBT,4
CCC,14
CCF,20
CCJ,61
CCK,2
CCM,4
CCP,11
CCS,179
CCU,188
CCV,7
CDB,10
CDC,2
CDG,1041
CDJ,2
CDR,6
CDV,6
CEB,97
CEC,4
CED,2
CEE,14
CEG,4
CEI,22
CEK,40
CEM,2
CEN,10
CEZ,2
CFB,6
CFC,4
CFE,18
CFN,4
CFR,8
CFS,8
CFU,103
CGA,10
CGB,66
CGD,16
CGH,94
CGI,2
CGK,367
CGM,2
CGN,265
CGO,348
CGP,32
CGQ,131
CGR,34
CGY,14
CHA,32
CHC,72
CHG,6
CHO,26
CHQ,90
CHS,69
CHU,2
CHX,2
CHY,3
CIA,100
CIC,2
CID,35
CIF,30
CIH,32
CIJ,5
CIK,4
CIP,2
CIT,20
CIU,2
CIX,2
CIY,16
CIZ,2
CJA,4
CJB,32
CJC,13
CJJ,18
CJL,4
CJM,2
CJS,24
CJU,118
CKB,5
CKD,3
CKG,540
CKH,4
CKS,8
CKY,36
CKZ,2
CLD,2
CLE,161
CLJ,42
CLL,6
CLM,2
CLO,57
CLQ,6
CLT,600
CLV,4
CLY,40
CMA,4
CMB,203
CME,6
CMG,2
CMH,128
CMI,8
CMN,250
CMP,1
CMU,2
CMW,6
CMX,2
CND,2
CNF,110
CNJ,10
CNM,2
CNP,4
CNS,110
CNX,95
CNY,2
COD,4
COK,114
COO,80
COQ,8
COR,26
COS,27
COU,8
CPC,2
CPD,2
CPE,4
CPH,457
CPO,8
CPR,6
CPT,84
CPV,4
CPX,2
CRA,4
CRD,14
CRI,4
CRK,26
CRL,168
CRM,4
CRP,10
CRW,21
CSG,6
CSH,2
CSK,2
CSX,377
CSY,4
CTA,233
CTC,2
CTG,24
CTL,8
CTM,2
CTS,162
CTU,647
CUC,8
CUE,6
CUF,10
CUK,12
CUL,32
CUM,2
CUN,311
CUQ,3
CUR,63
CUU,33
CUZ,22
CVG,150
CVM,4
CVU,4
CWA,10
CWB,86
CWL,63
CXB,6
CXF,2
CXH,2
CXI,8
CXJ,6
CXR,14
CYB,5
CYF,6
CYO,5
CYP,2
CYS,12
CYX,4
CYZ,2
CZE,2
CZH,4
CZJ,1
CZL,28
CZM,32
CZS,2
CZU,4
CZX,74
DAB,10
DAC,148
DAD,66
DAL,75
DAR,67
DAT,22
DAU,8
DAV,4
DAX,18
DAY,64
DBA,2
DBO,6
DBQ,4
DBV,121
DCA,388
DCM,6
DCN,4
DCY,8
DDC,10
DDG,10
DEA,5
DEB,4
DEC,4
DED,10
DEE,2
DEL,517
DEN,735
DFW,936
DGA,14
DGO,10
DGT,8
DHB,4
DHI,2
DHM,4
DHN,6
DIB,12
DIE,10
DIG,14
DIJ,2
DIK,4
DIL,8
DIN,2
DIR,6
DIU,4
DIW,2
DIY,14
DJB,12
DJE,72
DJG,3
DJJ,35
DKR,134
DLA,98
DLC,285
DLE,6
DLG,6
DLH,8
DLI,10
DLM,116
DLU,14
DLY,4
DLZ,1
DMB,6
DMD,6
DME,646
DMK,134
DMM,162
DMU,4
DND,2
DNH,14
DNK,28
DNR,6
DNZ,4
DOH,375
DOK,30
DOL,4
DOM,35
DOU,6
DOY,12
DPL,8
DPO,2
DPS,201
DQA,10
DRG,8
DRK,6
DRO,10
DRS,44
DRV,4
DRW,90
DSA,18
DSK,4
DSM,57
DSN,50
DTM,67
DTW,433
DUB,414
DUD,10
DUJ,4
DUR,42
DUS,570
DUT,6
DVO,28
DWC,92
DWD,4
DXB,702
DYG,42
DYR,4
DYU,106
DZA,30
DZN,4
EAE,2
EAM,6
EAR,2
EAS,6
EAT,2
EAU,2
EBA,10
EBB,65
EBJ,4
EBL,60
EBU,10
ECN,28
ECP,14
EDI,237
EDL,7
EDO,2
EDR,4
EEK,6
EFL,13
EGC,22
EGE,2
EGM,7
EGN,4
EGO,22
EGS,2
EGX,2
EIN,135
EIS,24
EJA,2
EJH,2
EKO,2
ELC,2
ELD,5
ELF,4
ELG,4
ELH,16
ELI,9
ELL,2
ELM,12
ELP,47
ELQ,25
ELS,10
ELU,2
ELV,2
EMA,192
EMD,4
EMK,7
ENA,6
ENE,8
ENH,8
ENU,6
ENY,11
EOH,22
EOI,3
EPR,5
EQS,6
ERC,6
ERF,12
ERI,8
ERL,4
ERM,5
ERN,2
ERS,6
ERZ,10
ESB,103
ESC,2
ESD,2
ESL,2
ESM,6
ESU,6
ETH,10
ETR,2
ETZ,10
EUG,27
EUN,8
EUX,2
EVE,18
EVG,4
EVN,90
EVV,18
EWB,5
EWN,10
EWR,505
EXI,2
EXT,49
EYK,8
EYP,4
EYW,33
EZE,149
EZS,12
FAE,8
FAI,52
FAO,211
FAR,28
FAT,40
FAV,4
FAY,16
FBM,20
FBS,4
FCA,10
FCO,661
FDE,5
FDF,46
FDH,26
FEG,14
FEN,6
FEZ,36
FIH,55
FJR,2
FKB,40
FKI,5
FKL,4
FKQ,7
FKS,8
FLA,4
FLG,4
FLL,374
FLN,42
FLO,4
FLR,106
FLS,3
FLW,8
FMA,2
FMI,1
FMM,46
FMN,18
FMO,22
FNA,44
FNC,104
FNI,8
FNJ,10
FNT,26
FOC,266
FOE,2
FON,6
FOR,69
FPO,30
FRA,990
FRD,2
FRE,3
FRO,9
FRS,6
FRU,90
FRW,4
FSC,28
FSD,26
FSM,10
FSP,6
FSZ,20
FTA,4
FTE,8
FTU,4
FUE,192
FUG,22
FUJ,8
FUK,170
FUN,2
FUO,4
FUT,2
FVM,2
FWA,32
FYU,13
GAE,4
GAF,3
GAJ,6
GAL,14
GAM,8
GAN,6
GAO,2
GAU,63
GBB,2
GBE,18
GBT,12
GCC,6
GCI,36
GCK,4
GCM,51
GCN,2
GCW,2
GDE,2
GDL,185
GDN,101
GDQ,4
GDT,8
GDV,2
GDX,12
GDZ,2
GEA,17
GEG,30
GEL,4
GEO,16
GES,10
GET,6
GEV,11
GFF,4
GFK,10
GFN,2
GGG,4
GGT,18
GGW,2
GHA,8
GHB,10
GHE,2
GHT,2
GIB,12
GIG,194
GIL,2
GIS,4
GIU,4
GIZ,12
GJA,2
GJT,16
GKA,10
GKK,4
GLA,196
GLF,7
GLH,2
GLK,8
GLN,4
GLO,2
GLT,8
GLV,8
GMA,2
GMB,3
GMP,78
GMR,2
GMZ,2
GND,29
GNM,2
GNU,2
GNV,24
GNY,10
GOA,40
GOH,18
GOI,54
GOJ,36
GOM,6
GOP,4
GOQ,4
GOT,106
GOU,4
GOV,10
GPA,6
GPB,2
GPI,4
GPS,4
GPT,18
GRB,16
GRI,8
GRJ,10
GRK,12
GRO,98
GRP,2
GRQ,13
GRR,56
GRU,387
GRV,2
GRW,2
GRX,18
GRZ,38
GSE,40
GSM,16
GSO,51
GSP,58
GST,6
GTE,8
GTF,14
GTO,8
GTR,6
GUA,77
GUC,2
GUM,70
GUR,11
GUW,20
GVA,329
GVR,2
GWD,6
GWL,2
GWT,16
GXF,10
GXH,4
GYA,2
GYD,128
GYE,71
GYN,43
GYS,16
GZO,9
GZP,12
GZT,18
HAA,4
HAC,2
HAD,10
HAH,20
HAJ,152
HAK,215
HAM,321
HAN,174
HAQ,4
HAS,10
HAU,24
HAV,86
HBA,18
HBE,81
HBX,4
HCR,6
HDF,10
HDG,12
HDM,2
HDN,2
HDS,4
HDY,12
HEA,12
HEH,16
HEK,6
HEL,320
HER,219
HET,174
HFA,4
HFE,154
HFS,4
HFT,16
HGA,15
HGH,506
HGN,2
HGR,4
HGU,22
HHH,8
HHN,94
HIA,24
HIB,2
HID,2
HIJ,34
HIN,6
HIR,46
HJJ,6
HJR,2
HKB,2
HKD,20
HKG,708
HKK,2
HKN,12
HKT,138
HLA,8
HLD,36
HLH,14
HLN,9
HLZ,8
HMA,16
HMB,18
HME,12
HMI,20
HMO,48
HMV,4
HNA,8
HND,315
HNH,6
HNL,233
HNM,2
HNS,7
HOB,2
HOD,9
HOF,6
HOG,20
HOI,3
HOM,4
HON,6
HOR,12
HOT,4
HOU,147
HOV,8
HPB,4
HPH,8
HPN,46
HRB,259
HRE,57
HRG,79
HRI,13
HRK,19
HRL,15
HRM,4
HRO,4
HSG,5
HSL,8
HSN,26
HSV,36
HTA,22
HTI,14
HTN,12
HTS,10
HTY,18
HUH,8
HUI,8
HUN,8
HUS,4
HUU,4
HUX,6
HUY,10
HVB,4
HVD,2
HVG,5
HVN,4
HVR,2
HYA,5
HYG,2
HYL,10
HYN,28
HZH,6
IAA,2
IAD,386
IAG,10
IAH,485
IAM,4
IAN,8
IAO,2
IAR,2
IAS,24
IBA,2
IBE,6
IBR,10
IBZ,202
ICI,2
ICN,740
ICT,40
IDA,8
IDR,30
IEV,44
IFJ,2
IFN,40
IFO,4
IGA,4
IGD,4
IGG,2
IGM,8
IGR,8
IGU,24
IIL,2
IJK,8
IKA,122
IKI,4
IKO,2
IKS,4
IKT,78
ILD,2
ILG,12
ILI,2
ILM,26
ILO,20
ILP,2
ILR,2
ILY,2
IMF,18
IMP,13
IMT,4
INB,6
INC,131
IND,138
INH,6
INL,4
INN,16
INU,6
INV,21
INZ,5
IOA,4
IOM,22
IOS,18
IPA,6
IPC,4
IPH,4
IPI,2
IPL,4
IPN,6
IPT,4
IQN,12
IQQ,19
IQT,14
IRA,6
IRC,2
IRG,4
IRJ,2
IRK,2
IRP,2
IRZ,2
ISA,26
ISB,117
ISC,6
ISE,2
ISG,28
ISN,4
ISP,33
IST,715
ISU,20
ITB,4
ITH,8
ITM,84
ITO,8
IVC,4
IVL,3
IWJ,2
IWK,2
IXA,16
IXB,32
IXC,18
IXD,4
IXE,31
IXG,2
IXJ,24
IXL,12
IXM,14
IXR,21
IXS,14
IXU,10
IXZ,22
IZA,4
IZO,2
JAC,4
JAI,32
JAL,4
JAN,36
JAV,10
JAX,91
JBQ,6
JBR,2
JCB,6
JCK,4
JDH,12
JDO,10
JDZ,32
JED,372
JEG,6
JER,76
JFK,911
JFR,4
JGA,2
JGD,8
JGN,14
JGS,18
JHB,36
JHG,48
JHM,4
JHS,6
JHW,4
JIB,40
JIC,12
JIJ,6
JIK,7
JIM,3
JIQ,14
JIU,12
JJN,88
JJU,8
JKG,4
JKH,12
JKL,12
JLN,4
JLR,6
JMK,26
JMU,20
JNB,320
JNG,20
JNN,4
JNS,4
JNU,40
JNX,4
JNZ,10
JOE,2
JOG,58
JOI,10
JOL,2
JOS,2
JPA,22
JPR,4
JQA,4
JQE,2
JRO,41
JSH,10
JSI,4
JSR,6
JST,4
JSU,4
JSY,4
JTC,6
JTR,31
JTY,8
JUB,24
JUH,14
JUJ,4
JUL,13
JUV,4
JUZ,12
JXA,12
JYV,5
JZH,32
KAA,2
KAD,2
KAE,2
KAJ,4
KAL,6
KAN,14
KAO,2
KAT,2
KAW,2
KAZ,2
KBC,2
KBL,54
KBP,202
KBR,28
KBU,4
KBV,32
KCA,4
KCC,2
KCG,2
KCH,52
KCL,2
KCM,6
KCQ,2
KCT,4
KCZ,8
KDH,10
KDI,8
KDM,4
KDO,4
KDU,2
KDV,4
KEF,91
KEJ,6
KEM,5
KEP,2
KER,8
KET,2
KEW,2
KFP,2
KFS,2
KGA,6
KGC,2
KGD,30
KGE,4
KGF,14
KGI,10
KGL,78
KGP,2
KGS,90
KGT,2
KGX,6
KHD,2
KHG,26
KHH,129
KHI,125
KHN,172
KHS,2
KHV,71
KID,2
KIF,4
KIH,33
KIJ,32
KIM,4
KIN,58
KIR,12
KIS,5
KIT,8
KIV,68
KIX,304
KJA,88
KKA,10
KKB,2
KKC,4
KKE,2
KKH,6
KKI,6
KKJ,6
KKN,13
KKR,2
KLG,8
KLL,2
KLN,2
KLO,36
KLR,6
KLU,14
KLV,10
KLW,6
KLX,20
KME,2
KMG,545
KMI,22
KMJ,18
KMQ,34
KMS,8
KND,4
KNG,5
KNH,10
KNQ,2
KNS,4
KNU,2
KNX,16
KOA,41
KOC,4
KOE,21
KOI,22
KOJ,36
KOK,6
KOO,2
KOP,4
KOS,2
KOT,7
KOV,4
KOW,26
KOZ,4
KPB,2
KPN,6
KPO,6
KPR,1
KPV,2
KQA,2
KRF,8
KRK,114
KRL,20
KRN,6
KRO,4
KRP,2
KRR,91
KRS,22
KRT,81
KRY,4
KSA,4
KSC,11
KSD,4
KSF,4
KSH,12
KSJ,8
KSM,10
KSN,6
KSO,2
KSQ,10
KSU,15
KSY,6
KTA,14
KTB,8
KTE,4
KTG,4
KTL,2
KTM,86
KTN,41
KTS,8
KTT,4
KTW,56
KUA,10
KUD,4
KUF,54
KUH,10
KUK,4
KUL,510
KUN,38
KUO,2
KUS,10
KUT,16
KUU,2
KUV,4
KVA,12
KVC,2
KVD,9
KVG,8
KVK,2
KVL,6
KVX,6
KWA,6
KWE,274
KWI,237
KWJ,8
KWK,7
KWL,214
KWM,4
KWN,9
KWT,6
KYA,7
KYK,1
KYP,2
KYU,4
KYZ,2
KZB,1
KZI,1
KZN,56
KZO,8
KZR,2
KZS,4
LAD,92
LAE,22
LAI,2
LAM,2
LAN,16
LAO,4
LAP,20
LAQ,6
LAR,2
LAS,498
LAU,8
LAW,4
LAX,990
LAZ,2
LBA,160
LBB,19
LBC,8
LBD,66
LBE,6
LBF,2
LBJ,8
LBL,10
LBP,2
LBS,4
LBU,8
LBV,48
LCA,190
LCE,15
LCG,24
LCH,6
LCK,4
LCR,4
LCX,2
LCY,128
LDB,23
LDE,10
LDH,6
LDS,4
LDU,2
LDY,10
LEA,6
LEB,4
LEC,2
LED,367
LEH,2
LEI,36
LEJ,79
LEN,2
LEQ,2
LET,12
LEX,40
LFR,2
LFT,12
LFW,41
LGA,316
LGB,36
LGG,17
LGI,4
LGK,34
LGL,4
LGP,8
LGQ,2
LGW,708
LHE,111
LHR,1047
LHW,168
LIF,6
LIG,22
LIH,42
LIL,80
LIM,228
LIN,120
LIR,45
LIS,435
LIT,58
LJG,129
LJU,66
LKB,2
LKE,5
LKG,2
LKH,4
LKL,4
LKN,6
LKO,36
LLA,12
LLF,6
LLI,6
LLK,4
LLU,4
LLW,25
LMC,2
LMM,10
LMN,2
LMP,6
LMT,4
LNB,4
LNE,6
LNJ,4
LNK,6
LNS,2
LNV,8
LNY,7
LNZ,23
LOD,4
LOE,2
LOH,4
LOK,3
LOP,32
LOS,117
LPA,308
LPB,51
LPD,2
LPI,4
LPL,116
LPM,4
LPP,6
LPQ,26
LPS,2
LPT,2
LPY,2
LQM,2
LRD,8
LRE,7
LRH,20
LRM,20
LRR,12
LRS,12
LRT,4
LSA,2
LSC,14
LSE,6
LSI,10
LSP,8
LST,16
LSY,2
LTD,2
LTI,2
LTN,214
LTO,2
LTX,4
LUD,2
LUG,4
LUH,2
LUK,6
LUM,12
LUN,66
LUO,2
LUQ,3
LUR,2
LUV,4
LUW,4
LUX,140
LUZ,12
LVI,14
LWB,4
LWN,2
LWO,34
LWS,8
LWY,6
LXA,60
LXG,2
LXR,20
LXS,10
LYA,18
LYB,4
LYC,8
LYG,32
LYH,4
LYI,36
LYP,4
LYR,6
LYS,273
LZC,4
LZH,28
LZO,26
LZY,10
MAA,201
MAB,22
MAD,661
MAF,17
MAG,16
MAH,70
MAJ,8
MAM,4
MAN,627
MAO,64
MAQ,2
MAR,28
MAS,10
MAU,6
MAZ,2
MBA,26
MBE,2
MBI,2
MBJ,89
MBL,2
MBS,10
MBT,2
MCE,2
MCG,12
MCI,159
MCK,2
MCM,2
MCN,4
MCO,470
MCP,6
MCT,204
MCV,2
MCX,8
MCY,10
MCZ,26
MDC,42
MDE,52
MDG,20
MDK,5
MDL,33
MDQ,6
MDT,39
MDU,2
MDW,271
MDZ,21
MEA,8
MEB,2
MEC,2
MED,98
MEE,2
MEG,4
MEH,10
MEI,2
MEL,269
MEM,112
MEX,483
MFE,12
MFM,158
MFR,18
MFU,2
MGA,29
MGB,4
MGF,20
MGH,2
MGM,14
MGQ,24
MGS,2
MGT,2
MGW,4
MGZ,4
MHC,2
MHD,128
MHG,2
MHH,28
MHK,8
MHQ,8
MHT,40
MIA,734
MID,30
MIG,43
MII,4
MIM,6
MIR,31
MIS,4
MJD,4
MJF,9
MJM,4
MJN,6
MJT,20
MJU,2
MJV,40
MJZ,17
MKE,125
MKG,2
MKK,7
MKL,4
MKM,4
MKP,2
MKQ,6
MKW,14
MKY,14
MLA,226
MLB,10
MLE,85
MLG,6
MLI,30
MLL,4
MLM,20
MLN,10
MLO,4
MLU,12
MLW,4
MLX,8
MLY,2
MMB,12
MME,6
MMH,4
MMJ,4
MMK,14
MMO,2
MMU,4
MMX,30
MMY,10
MNA,2
MNG,6
MNL,386
MNT,2
MOB,18
MOC,6
MOD,2
MOF,5
MOI,2
MOL,14
MOQ,4
MOT,10
MOU,4
MOV,6
MOZ,7
MPA,4
MPH,8
MPL,48
MPM,34
MPN,2
MQF,4
MQH,2
MQL,12
MQM,10
MQN,9
MQP,8
MQT,6
MQX,6
MRA,24
MRD,4
MRE,7
MRS,261
MRU,82
MRV,44
MRX,4
MRY,20
MRZ,2
MSA,8
MSJ,4
MSL,2
MSN,34
MSO,14
MSP,430
MSQ,108
MSR,6
MSS,2
MST,19
MSU,2
MSY,248
MSZ,2
MTJ,2
MTM,6
MTR,6
MTS,2
MTT,4
MTV,6
MTY,145
MUA,8
MUB,14
MUC,728
MUE,2
MUK,2
MUN,8
MUR,12
MUW,3
MUX,24
MVD,46
MVP,6
MVR,2
MVT,4
MVY,8
MWA,2
MWF,2
MWX,12
MWZ,12
MXH,6
MXL,8
MXP,386
MXV,4
MXX,4
MXZ,10
MYA,4
MYD,10
MYG,4
MYJ,24
MYQ,2
MYR,68
MYT,8
MYU,2
MYW,2
MYY,48
MZG,10
MZH,4
MZL,2
MZR,8
MZT,30
MZV,12
NAG,30
NAH,2
NAJ,2
NAN,83
NAO,12
NAP,158
NAQ,4
NAS,129
NAT,32
NAV,4
NAW,2
NAY,160
NBC,14
NBE,90
NBO,258
NBS,10
NBX,6
NCE,269
NCL,165
NCU,8
NDB,8
NDG,16
NDJ,19
NDR,36
NDU,4
NDY,5
NEV,17
NGB,168
NGE,2
NGO,169
NGQ,4
NGS,34
NHV,8
NIB,2
NIM,34
NJC,28
NJF,21
NKC,23
NKG,330
NKM,12
NLA,19
NLD,2
NLG,2
NLK,5
NLT,4
NMA,24
NME,5
NNB,4
NNG,228
NNM,8
NNT,4
NNY,16
NOB,2
NOC,30
NOJ,10
NOS,8
NOU,26
NOV,6
NOZ,4
NPE,6
NPL,6
NQN,12
NQU,2
NQY,12
NRA,4
NRK,4
NRL,6
NRN,76
NRT,575
NSH,4
NSI,38
NSK,29
NSN,8
NST,4
NTE,183
NTG,36
NTL,16
NTN,4
NTQ,2
NTX,2
NUE,95
NUI,4
NUL,6
NUP,4
NUS,10
NUX,32
NVA,4
NVI,12
NVK,2
NVT,14
NWI,20
NYA,8
NYI,2
NYK,8
NYM,16
NYO,62
NYT,4
NYU,13
NZH,22
OAG,2
OAJ,14
OAK,111
OAL,2
OAX,12
OBO,6
OBU,6
OBY,2
OCC,6
ODN,4
ODO,4
ODS,37
ODY,2
OER,2
OGD,2
OGG,84
OGL,2
OGS,2
OGX,11
OGZ,2
OHE,6
OHH,4
OIA,3
OIM,2
OIT,18
OKA,123
OKC,81
OKJ,26
OKL,2
OLA,2
OLB,104
OLC,2
OLF,2
OLH,3
OLP,2
OMA,69
OMD,2
OME,49
OMH,6
OMO,2
OMR,4
OMS,34
OND,2
ONG,6
ONJ,2
ONQ,4
ONT,50
OOK,6
OOL,56
OPO,202
OPS,6
ORB,4
ORD,1108
ORF,73
ORH,4
ORI,3
ORK,68
ORN,66
ORV,8
ORX,2
ORY,402
OSD,6
OSI,8
OSL,363
OSR,8
OSS,60
OST,2
OSW,2
OSY,6
OTD,2
OTH,4
OTP,227
OTZ,45
OUA,66
OUD,20
OUL,8
OUZ,6
OVB,175
OVD,34
OVS,10
OWB,4
OXB,14
OZC,8
OZH,4
OZZ,4
PAC,17
PAD,22
PAF,2
PAG,4
PAH,2
PAP,48
PAS,4
PAT,25
PAV,2
PAZ,12
PBC,14
PBD,4
PBG,14
PBH,10
PBI,88
PBJ,4
PBL,4
PBM,20
PBO,6
PBU,2
PCL,12
PCR,6
PDA,6
PDG,14
PDL,47
PDP,6
PDS,4
PDT,2
PDV,4
PDX,230
PEC,2
PED,4
PEE,12
PEG,10
PEI,12
PEK,1069
PEM,6
PEN,84
PER,182
PES,2
PET,7
PEU,4
PEW,60
PEZ,2
PFB,10
PFO,85
PFQ,2
PGA,12
PGD,35
PGF,10
PGK,14
PGU,10
PGV,4
PGX,4
PHC,16
PHE,16
PHF,18
PHL,576
PHO,8
PHS,6
PHW,2
PHX,508
PIA,30
PIB,2
PIE,62
PIH,2
PIK,42
PIN,2
PIP,1
PIR,16
PIS,14
PIT,148
PIU,4
PIX,8
PIZ,4
PJA,4
PJG,2
PJM,8
PKA,2
PKB,2
PKC,12
PKE,4
PKN,14
PKR,2
PKU,36
PKY,6
PKZ,10
PLJ,13
PLM,27
PLN,2
PLO,4
PLQ,6
PLS,62
PLU,25
PLW,15
PLX,6
PLZ,18
PMC,20
PMF,8
PMI,548
PMO,126
PMR,10
PMV,39
PMW,14
PMY,2
PMZ,6
PNA,3
PND,5
PNH,61
PNI,6
PNK,12
PNL,6
PNP,10
PNQ,58
PNR,36
PNS,42
PNZ,10
POA,86
POG,2
POI,4
POJ,3
POL,16
POM,100
POP,29
POR,6
POS,70
POZ,42
PPB,4
PPG,2
PPK,4
PPN,2
PPP,6
PPQ,4
PPS,18
PPT,75
PPV,2
PPW,6
PQC,10
PQI,4
PQQ,12
PQS,6
PRA,4
PRC,2
PRG,361
PRH,2
PRI,2
PRN,42
PSA,152
PSC,16
PSE,4
PSG,4
PSJ,2
PSM,2
PSO,6
PSP,51
PSR,18
PSS,2
PTG,2
PTP,58
PTU,2
PTY,212
PUB,2
PUE,2
PUF,10
PUG,2
PUJ,143
PUM,2
PUQ,13
PUS,160
PUU,8
PUW,4
PUY,30
PVA,2
PVC,2
PVD,55
PVE,2
PVG,825
PVH,18
PVK,22
PVR,92
PVU,6
PWE,2
PWM,20
PWQ,6
PXM,6
PXO,6
PXU,6
PYC,2
PYH,2
PYJ,10
PYY,2
PZB,2
PZH,4
PZI,8
PZO,22
PZU,10
QBC,3
QOW,4
QRO,14
QRW,4
QSF,14
QUB,2
QUO,2
RAB,25
RAE,4
RAH,2
RAI,34
RAJ,6
RAK,145
RAO,38
RAP,16
RAR,27
RAS,20
RBA,22
RBQ,4
RBR,10
RBV,4
RBY,9
RCB,2
RCE,4
RCH,2
RCM,2
RDC,2
RDD,2
RDM,16
RDN,4
RDU,167
RDV,2
RDZ,8
REC,72
REG,12
REL,11
REN,13
REP,81
RES,2
RET,4
REU,39
REX,16
RFD,10
RFP,9
RGA,4
RGI,11
RGK,2
RGL,11
RGN,99
RGS,2
RHD,2
RHI,4
RHO,168
RIA,8
RIB,2
RIC,76
RIG,4
RIW,2
RIX,202
RIY,22
RJH,2
RJK,14
RJL,2
RKD,2
RKS,6
RKV,10
RLG,10
RLK,10
RMA,6
RMF,12
RMI,6
RMP,2
RMQ,58
RMT,4
RNA,4
RNB,6
RNL,4
RNN,2
RNO,56
RNS,26
ROA,30
ROB,32
ROC,60
ROI,2
ROK,10
ROO,2
ROP,4
ROR,19
ROS,14
ROT,6
ROV,56
ROW,4
RPR,20
RRG,2
RRS,2
RSA,2
RSD,4
RSH,8
RST,8
RSU,6
RSW,128
RTA,2
RTB,28
RTM,66
RTW,10
RUA,2
RUH,272
RUN,40
RUR,5
RUS,2
RUT,2
RVD,2
RVE,4
RVK,6
RVN,4
RVT,5
RVV,4
RXS,6
RYG,74
RYK,6
RZE,22
RZR,4
SAB,3
SAF,12
SAH,75
SAL,105
SAN,238
SAP,46
SAT,135
SAV,46
SAW,290
SAX,2
SBA,16
SBH,21
SBN,22
SBP,8
SBW,18
SBY,8
SBZ,9
SCC,11
SCE,10
SCK,2
SCL,158
SCM,3
SCN,18
SCO,42
SCQ,70
SCT,4
SCU,11
SCW,16
SCY,8
SCZ,2
SDD,6
SDE,2
SDF,83
SDG,2
SDJ,62
SDK,12
SDL,10
SDN,4
SDP,4
SDQ,93
SDR,38
SDU,61
SDV,6
SDY,2
SEA,403
SEN,28
SEZ,26
SFA,20
SFB,97
SFG,8
SFJ,16
SFL,2
SFN,4
SFO,499
SFT,6
SGC,28
SGD,2
SGF,28
SGN,218
SGO,4
SGU,4
SGY,7
SHA,411
SHB,4
SHC,2
SHD,3
SHE,272
SHG,6
SHH,6
SHJ,191
SHL,2
SHM,2
SHP,14
SHR,2
SHV,16
SHW,4
SHX,6
SIC,2
SID,35
SIN,814
SIP,14
SIT,6
SJC,120
SJD,101
SJE,4
SJI,2
SJJ,32
SJK,6
SJL,2
SJO,149
SJP,16
SJT,4
SJU,204
SJW,164
SJZ,4
SKB,22
SKD,15
SKE,2
SKG,174
SKK,11
SKN,7
SKO,2
SKP,46
SKT,23
SKU,6
SKX,4
SKZ,11
SLA,12
SLC,278
SLH,6
SLI,4
SLK,2
SLL,14
SLM,2
SLN,2
SLP,16
SLQ,4
SLU,21
SLW,4
SLX,2
SLY,16
SLZ,31
SMA,6
SMF,108
SMI,18
SMK,8
SML,4
SMR,8
SMS,6
SMX,4
SNA,86
SNE,4
SNN,58
SNO,2
SNP,6
SNU,18
SNV,2
SNW,4
SOC,16
SOF,132
SOG,8
SOJ,5
SOM,2
SON,22
SOQ,16
SOU,66
SOW,12
SOY,4
SPB,2
SPC,16
SPD,3
SPI,5
SPN,20
SPP,6
SPR,18
SPS,4
SPU,97
SRA,2
SRE,12
SRG,34
SRP,6
SRQ,26
SRV,2
SRX,4
SRY,12
SRZ,10
SSA,116
SSB,2
SSG,28
SSH,77
SSJ,9
SSR,2
SSY,2
STC,4
STD,8
STG,6
STI,22
STL,221
STM,25
STN,343
STR,273
STS,12
STT,66
STV,6
STW,8
STX,18
SUB,131
SUF,50
SUG,6
SUJ,4
SUR,2
SUV,23
SUX,4
SVA,8
SVB,6
SVC,2
SVD,9
SVG,106
SVI,4
SVJ,6
SVK,5
SVL,4
SVO,397
SVP,4
SVQ,127
SVS,4
SVU,6
SVX,198
SVZ,2
SWA,71
SWF,12
SWJ,4
SXB,69
SXF,165
SXK,2
SXM,114
SXO,2
SXP,4
SXR,29
SYB,2
SYD,410
SYM,6
SYO,2
SYQ,2
SYR,52
SYX,218
SYY,10
SYZ,74
SZA,6
SZB,58
SZE,4
SZG,69
SZI,2
SZX,467
SZZ,14
TAB,9
TAC,10
TAE,12
TAG,6
TAH,10
TAI,14
TAK,16
TAL,9
TAM,14
TAO,376
TAP,4
TAS,160
TAY,4
TBB,4
TBG,8
TBN,2
TBP,2
TBS,69
TBT,2
TBU,10
TBW,2
TBZ,30
TCB,4
TCD,2
TCG,4
TCO,2
TCQ,4
TCR,2
TCT,2
TCZ,10
TDD,16
TDX,2
TEB,2
TEE,2
TEN,10
TEQ,2
TER,22
TET,14
TFF,10
TFI,3
TFN,66
TFS,318
TGC,2
TGD,32
TGG,14
TGH,2
TGI,2
TGJ,4
TGM,7
TGO,26
TGR,2
TGU,36
TGZ,16
THD,2
THE,20
THL,9
THN,2
THR,119
THS,2
THU,2
TIA,72
TID,3
TIF,26
TIH,5
TIJ,83
TIM,8
TIP,95
TIU,2
TIV,22
TIZ,6
TJA,16
TJM,45
TJQ,8
TJU,13
TKD,4
TKE,2
TKG,11
TKK,4
TKP,2
TKS,4
TKU,16
TKX,5
TLA,6
TLC,27
TLE,6
TLH,30
TLJ,2
TLL,76
TLM,12
TLN,6
TLS,161
TLT,6
TLV,271
TMC,6
TME,4
TMI,2
TMJ,4
TML,6
TMM,13
TMP,24
TMR,8
TMS,7
TMT,2
TMU,7
TMW,2
TNA,270
TNC,2
TNG,38
TNJ,6
TNK,5
TNN,2
TNO,8
TNR,54
TNW,2
TOB,9
TOE,6
TOF,10
TOG,2
TOH,6
TOL,10
TOS,52
TOU,2
TOY,18
TPA,276
TPE,527
TPP,12
TPQ,6
TPS,56
TQL,2
TRC,20
TRD,86
TRE,2
TRF,74
TRG,6
TRI,14
TRK,14
TRN,86
TRO,4
TRR,2
TRS,22
TRU,2
TRV,84
TRW,6
TRZ,18
TSA,80
TSE,104
TSF,76
TSH,4
TSJ,6
TSN,294
TSR,26
TST,4
TSV,32
TTA,2
TTE,16
TTJ,2
TTN,28
TTQ,2
TTT,2
TTU,2
TUA,1
TUB,5
TUC,4
TUF,10
TUG,6
TUI,2
TUK,11
TUL,55
TUN,175
TUO,4
TUP,4
TUR,2
TUS,62
TUU,18
TVC,10
TVF,2
TVS,12
TVU,6
TVY,4
TWB,8
TWF,2
TWU,14
TXK,4
TXL,418
TXN,52
TYF,4
TYN,220
TYR,6
TYS,62
TZA,15
TZX,20
UAH,6
UAK,10
UAP,6
UAQ,4
UAS,7
UBA,8
UBJ,6
UBP,6
UCT,8
UDI,30
UDJ,2
UDR,14
UEL,6
UEO,2
UET,28
UFA,46
UGC,15
UIB,12
UIH,6
UII,1
UIN,2
UIO,78
UIP,2
UKA,6
UKB,24
UKK,16
UKS,4
UKX,4
ULB,5
ULG,2
ULH,4
ULK,12
ULN,39
ULO,2
ULP,4
ULV,4
UMD,2
UME,16
UNG,9
UNK,20
UNN,2
UPG,112
UPN,4
URA,6
URC,306
URE,2
URG,2
URJ,6
URS,2
URT,8
URY,4
USH,10
USK,4
USM,36
USN,6
UST,2
USU,6
UTH,12
UTN,4
UTP,4
UTT,2
UUA,8
UUD,22
UUS,31
UVE,4
UVF,37
UYL,4
UYN,24
UYU,2
VAA,10
VAI,6
VAK,4
VAN,10
VAO,4
VAR,18
VAS,8
VAW,6
VBV,2
VBY,16
VCA,6
VCE,245
VCL,4
VCP,114
VCS,4
VCT,2
VDB,2
VDC,12
VDE,6
VDH,4
VDM,2
VDS,14
VDZ,4
VEE,4
VEL,2
VER,32
VFA,14
VGA,2
VGO,22
VGZ,2
VHC,4
VHM,8
VIE,616
VIG,6
VII,14
VIJ,8
VIL,6
VIN,2
VIS,2
VIX,32
VKG,2
VKO,169
VKT,4
VLC,163
VLD,6
VLI,56
VLL,7
VLN,20
VLS,2
VLV,4
VLY,2
VNO,116
VNS,20
VNX,8
VOG,20
VOL,10
VOZ,16
VPE,12
VPS,21
VPY,2
VQS,12
VRA,24
VRC,2
VRN,77
VSA,26
VST,6
VTE,48
VTZ,30
VUP,4
VUS,2
VVC,16
VVI,48
VVO,52
VXC,4
VXE,12
VXO,15
WAA,9
WAG,2
WAT,4
WAW,240
WBB,12
WBM,2
WBQ,4
WDH,38
WEF,14
WEI,4
WGA,6
WGP,2
WHK,2
WIC,4
WIL,37
WIN,4
WJR,12
WJU,2
WKJ,4
WLG,64
WLH,2
WLK,4
WLS,6
WMI,52
WMN,8
WMO,8
WMR,2
WMX,2
WNA,2
WNH,4
WNN,5
WNP,4
WNR,4
WNZ,162
WRE,4
WRG,4
WRL,6
WRO,66
WRY,4
WSN,2
WSX,4
WSZ,2
WTK,5
WTL,4
WUA,16
WUH,374
WUS,30
WUX,94
WUZ,6
WVB,6
WWK,12
WWP,1
WWT,4
WXN,24
WYA,2
XAP,10
XBE,8
XBJ,4
XCH,4
XCR,4
XFN,26
XFW,2
XGR,2
XIC,10
XIL,14
XIY,563
XKH,2
XKS,4
XMH,6
XMN,466
XMS,2
XNA,48
XNN,99
XQP,9
XRY,43
XSB,4
XSC,4
XTG,2
XUZ,40
YAA,2
YAB,4
YAC,4
YAG,5
YAK,4
YAM,8
YAP,4
YAT,4
YAX,5
YAY,6
YBC,12
YBG,8
YBK,12
YBL,11
YBP,20
YBR,2
YBX,6
YCB,12
YCD,4
YCG,4
YCL,4
YCO,10
YCS,12
YCU,58
YCY,8
YDF,15
YDP,4
YDQ,4
YEG,139
YEK,13
YER,5
YES,2
YEV,16
YFA,4
YFB,36
YFC,8
YFH,6
YFJ,2
YFO,9
YFS,4
YGH,4
YGJ,16
YGK,2
YGL,6
YGP,4
YGR,6
YGT,10
YGV,6
YGW,14
YGX,4
YGZ,2
YHD,7
YHI,6
YHK,9
YHM,8
YHO,4
YHP,4
YHR,6
YHU,8
YHY,6
YHZ,95
YIC,12
YIE,2
YIF,6
YIH,48
YIK,4
YIN,8
YIO,6
YIW,36
YJT,2
YKA,10
YKF,6
YKG,6
YKL,10
YKM,2
YKQ,12
YKS,66
YKT,2
YKU,8
YLC,2
YLE,2
YLH,4
YLL,2
YLW,30
YMM,25
YMN,8
YMO,6
YMT,6
YNA,8
YNB,19
YNC,4
YNG,8
YNJ,28
YNO,4
YNS,4
YNT,112
YNY,2
YNZ,34
YOG,2
YOJ,4
YOL,2
YOP,4
YOW,89
YPC,2
YPH,7
YPJ,6
YPL,2
YPM,7
YPN,4
YPO,2
YPR,4
YPW,2
YPX,8
YPY,4
YQB,57
YQC,4
YQD,10
YQF,6
YQG,6
YQK,6
YQL,2
YQM,20
YQQ,14
YQR,33
YQT,27
YQU,8
YQX,6
YQY,4
YQZ,8
YRA,2
YRB,4
YRG,4
YRL,16
YRT,47
YSB,11
YSG,2
YSJ,6
YSK,6
YSM,8
YSO,8
YSY,4
YTE,6
YTH,13
YTL,9
YTQ,4
YTS,11
YTY,36
YTZ,28
YUB,2
YUD,6
YUL,371
YUM,6
YUS,4
YUT,8
YUX,8
YUY,10
YVB,7
YVM,4
YVO,14
YVP,19
YVQ,12
YVR,314
YVZ,3
YWB,4
YWG,81
YWH,4
YWJ,4
YWK,31
YWL,10
YWP,4
YXC,8
YXE,30
YXH,2
YXJ,12
YXL,34
YXN,11
YXP,8
YXS,20
YXT,10
YXU,12
YXX,4
YXY,10
YYB,4
YYC,228
YYD,8
YYE,6
YYF,2
YYG,8
YYH,8
YYJ,26
YYQ,16
YYR,30
YYT,43
YYU,3
YYY,16
YYZ,636
YZF,58
YZG,4
YZP,2
YZR,2
YZS,11
YZT,4
YZV,42
YZY,6
YZZ,2
ZAD,52
ZAG,85
ZAH,22
ZAL,4
ZAM,12
ZAT,6
ZAZ,16
ZBF,3
ZBR,12
ZCL,14
ZCO,6
ZDY,2
ZEL,6
ZEM,4
ZFM,2
ZFN,4
ZGU,6
ZHA,38
ZHY,4
ZIG,3
ZIH,18
ZKE,4
ZKG,2
ZLO,14
ZLT,4
ZMT,2
ZNE,4
ZNZ,24
ZOS,2
ZPB,4
ZQN,17
ZQW,11
ZQZ,4
ZRH,494
ZRJ,5
ZSA,8
ZSE,6
ZSJ,6
ZTB,4
ZTH,33
ZUH,119
ZUM,4
ZVK,6
ZYI,30
ZYL,10
IUE,1
LJA,1
MPP,1
MSW,1
PTH,1
PTJ,1
STZ,1
SXX,1
VDA,1
